field,domain,numpub
Accounting,Social Sciences,37
Aerospace Engineering,Physical Sciences,34
Aging,Life Sciences,9
Agronomy and Crop Science,Life Sciences,0
Algebra and Number Theory,Physical Sciences,13
Analytical Chemistry,Physical Sciences,1
Anatomy,Health Sciences,0
Anesthesiology and Pain Medicine,Health Sciences,12
Animal Science and Zoology,Life Sciences,3
Anthropology,Social Sciences,29
Applied Mathematics,Physical Sciences,4
Applied Microbiology and Biotechnology,Life Sciences,3
Applied Psychology,Social Sciences,15
Aquatic Science,Life Sciences,1
Archeology,Social Sciences,1
Architecture,Physical Sciences,1
Artificial Intelligence,Physical Sciences,149
Astronomy and Astrophysics,Physical Sciences,183
Atmospheric Science,Physical Sciences,35
"Atomic and Molecular Physics, and Optics",Physical Sciences,58
Automotive Engineering,Physical Sciences,12
Behavioral Neuroscience,Life Sciences,3
Biochemistry,Health Sciences,4
Bioengineering,Physical Sciences,1
Biological Psychiatry,Life Sciences,2
Biomaterials,Physical Sciences,14
Biomedical Engineering,Physical Sciences,132
Biophysics,Life Sciences,14
Biotechnology,Life Sciences,3
Building and Construction,Physical Sciences,18
Business and International Management,Social Sciences,1
Cancer Research,Life Sciences,34
Cardiology and Cardiovascular Medicine,Health Sciences,137
Catalysis,Physical Sciences,4
Cell Biology,Life Sciences,51
Cellular and Molecular Neuroscience,Life Sciences,43
Ceramics and Composites,Physical Sciences,5
Chemical Health and Safety,Physical Sciences,0
Civil and Structural Engineering,Physical Sciences,18
Classics,Social Sciences,11
Clinical Biochemistry,Life Sciences,4
Clinical Psychology,Social Sciences,101
Cognitive Neuroscience,Life Sciences,82
Communication,Social Sciences,10
Complementary and Manual Therapy,Health Sciences,0
Complementary and alternative medicine,Health Sciences,19
Computational Mathematics,Physical Sciences,4
Computational Mechanics,Physical Sciences,11
Computational Theory and Mathematics,Physical Sciences,25
Computer Graphics and Computer-Aided Design,Physical Sciences,1
Computer Networks and Communications,Physical Sciences,36
Computer Science Applications,Physical Sciences,28
Computer Vision and Pattern Recognition,Physical Sciences,41
Condensed Matter Physics,Physical Sciences,17
Conservation,Social Sciences,1
Control and Systems Engineering,Physical Sciences,26
Critical Care and Intensive Care Medicine,Health Sciences,19
Cultural Studies,Social Sciences,7
Demography,Social Sciences,17
Dermatology,Health Sciences,16
Development,Social Sciences,5
Developmental Biology,Life Sciences,0
Developmental Neuroscience,Life Sciences,8
Developmental and Educational Psychology,Social Sciences,35
Discrete Mathematics and Combinatorics,Physical Sciences,6
Earth-Surface Processes,Physical Sciences,1
Ecological Modeling,Physical Sciences,1
Ecology,Physical Sciences,43
"Ecology, Evolution, Behavior and Systematics",Life Sciences,22
Economics and Econometrics,Social Sciences,76
Education,Social Sciences,143
Electrical and Electronic Engineering,Physical Sciences,119
Electrochemistry,Physical Sciences,3
"Electronic, Optical and Magnetic Materials",Physical Sciences,11
Emergency Medical Services,Health Sciences,21
Emergency Medicine,Health Sciences,25
Endocrine and Autonomic Systems,Life Sciences,30
Endocrinology,Life Sciences,11
"Endocrinology, Diabetes and Metabolism",Health Sciences,75
Energy Engineering and Power Technology,Physical Sciences,0
Environmental Chemistry,Physical Sciences,8
Environmental Engineering,Physical Sciences,24
Epidemiology,Health Sciences,157
Equine,Health Sciences,0
Experimental and Cognitive Psychology,Social Sciences,57
Family Practice,Health Sciences,11
Filtration and Separation,Physical Sciences,0
Finance,Social Sciences,26
Fluid Flow and Transfer Processes,Physical Sciences,2
Food Science,Life Sciences,7
Forestry,Life Sciences,0
Fuel Technology,Physical Sciences,0
Gastroenterology,Health Sciences,23
Gender Studies,Social Sciences,61
General Agricultural and Biological Sciences,Life Sciences,3
General Arts and Humanities,Social Sciences,0
General Decision Sciences,Social Sciences,6
General Dentistry,Health Sciences,0
"General Economics, Econometrics and Finance",Social Sciences,17
General Energy,Physical Sciences,0
General Health Professions,Health Sciences,94
General Materials Science,Physical Sciences,0
General Psychology,Social Sciences,1
General Social Sciences,Social Sciences,1
Genetics,Health Sciences,112
Geochemistry and Petrology,Physical Sciences,0
"Geography, Planning and Development",Social Sciences,5
Geology,Physical Sciences,2
Geometry and Topology,Physical Sciences,36
Geophysics,Physical Sciences,16
Geriatrics and Gerontology,Health Sciences,5
Global and Planetary Change,Physical Sciences,42
Hardware and Architecture,Physical Sciences,6
Health,Social Sciences,39
Health Informatics,Health Sciences,8
Health Information Management,Health Sciences,9
"Health, Toxicology and Mutagenesis",Physical Sciences,19
Hematology,Health Sciences,29
Hepatology,Health Sciences,19
History,Social Sciences,22
History and Philosophy of Science,Social Sciences,13
Horticulture,Life Sciences,0
Human Factors and Ergonomics,Social Sciences,1
Human-Computer Interaction,Physical Sciences,5
Immunology,Life Sciences,138
Immunology and Allergy,Health Sciences,14
Industrial and Manufacturing Engineering,Physical Sciences,6
Infectious Diseases,Health Sciences,127
Information Systems,Physical Sciences,47
Information Systems and Management,Social Sciences,34
Inorganic Chemistry,Physical Sciences,9
Insect Science,Life Sciences,6
Instrumentation,Physical Sciences,10
Internal Medicine,Health Sciences,21
"Issues, ethics and legal aspects",Health Sciences,1
Language and Linguistics,Social Sciences,4
Law,Social Sciences,18
Leadership and Management,Health Sciences,1
Library and Information Sciences,Social Sciences,1
Life-span and Life-course Studies,Social Sciences,0
Linguistics and Language,Social Sciences,2
Literature and Literary Theory,Social Sciences,17
Management Information Systems,Social Sciences,15
Management Science and Operations Research,Social Sciences,43
Management of Technology and Innovation,Social Sciences,9
"Management, Monitoring, Policy and Law",Physical Sciences,5
Marketing,Social Sciences,12
Materials Chemistry,Physical Sciences,96
Mathematical Physics,Physical Sciences,11
Mechanical Engineering,Physical Sciences,54
Mechanics of Materials,Physical Sciences,9
Media Technology,Physical Sciences,14
Medical Laboratory Technology,Health Sciences,1
Medical Terminology,Health Sciences,0
Metals and Alloys,Physical Sciences,7
Microbiology,Health Sciences,17
Modeling and Simulation,Physical Sciences,29
Molecular Biology,Life Sciences,380
Molecular Medicine,Life Sciences,10
Museology,Social Sciences,6
Music,Social Sciences,8
Nature and Landscape Conservation,Physical Sciences,15
Nephrology,Health Sciences,35
Neurology,Health Sciences,29
Neuropsychology and Physiological Psychology,Social Sciences,4
Nuclear and High Energy Physics,Physical Sciences,70
Numerical Analysis,Physical Sciences,2
Nutrition and Dietetics,Health Sciences,38
Obstetrics and Gynecology,Health Sciences,32
Occupational Therapy,Health Sciences,3
Ocean Engineering,Physical Sciences,23
Oceanography,Physical Sciences,20
Oncology,Health Sciences,142
Ophthalmology,Health Sciences,16
Oral Surgery,Health Sciences,0
Organic Chemistry,Physical Sciences,25
Organizational Behavior and Human Resource Management,Social Sciences,25
Orthodontics,Health Sciences,0
Orthopedics and Sports Medicine,Health Sciences,14
Otorhinolaryngology,Health Sciences,5
Paleontology,Physical Sciences,4
Parasitology,Life Sciences,10
Pathology and Forensic Medicine,Health Sciences,73
"Pediatrics, Perinatology and Child Health",Health Sciences,39
Periodontics,Health Sciences,1
Pharmaceutical Science,Life Sciences,5
Pharmacology,Health Sciences,3
Pharmacy,Health Sciences,6
Philosophy,Social Sciences,44
"Physical Therapy, Sports Therapy and Rehabilitation",Health Sciences,1
Physical and Theoretical Chemistry,Physical Sciences,1
Physiology,Health Sciences,9
Plant Science,Life Sciences,27
Political Science and International Relations,Social Sciences,91
Pollution,Physical Sciences,12
Polymers and Plastics,Physical Sciences,6
Process Chemistry and Technology,Physical Sciences,3
Psychiatry and Mental health,Health Sciences,43
Public Administration,Social Sciences,4
"Public Health, Environmental and Occupational Health",Health Sciences,157
Pulmonary and Respiratory Medicine,Health Sciences,189
Radiation,Physical Sciences,7
Radiological and Ultrasound Technology,Health Sciences,4
"Radiology, Nuclear Medicine and Imaging",Health Sciences,97
Rehabilitation,Health Sciences,10
Religious studies,Social Sciences,7
"Renewable Energy, Sustainability and the Environment",Physical Sciences,27
Reproductive Medicine,Health Sciences,22
Research and Theory,Health Sciences,1
Rheumatology,Health Sciences,29
Safety Research,Social Sciences,36
"Safety, Risk, Reliability and Quality",Physical Sciences,10
Sensory Systems,Life Sciences,8
Signal Processing,Physical Sciences,12
Small Animals,Health Sciences,1
Social Psychology,Social Sciences,91
Sociology and Political Science,Social Sciences,191
Software,Physical Sciences,6
Soil Science,Life Sciences,3
Space and Planetary Science,Physical Sciences,2
Spectroscopy,Physical Sciences,31
Speech and Hearing,Health Sciences,7
Statistical and Nonlinear Physics,Physical Sciences,13
Statistics and Probability,Physical Sciences,28
"Statistics, Probability and Uncertainty",Social Sciences,15
Strategy and Management,Social Sciences,38
Structural Biology,Life Sciences,6
"Surfaces, Coatings and Films",Physical Sciences,5
Surgery,Health Sciences,325
Theoretical Computer Science,Physical Sciences,1
"Tourism, Leisure and Hospitality Management",Social Sciences,1
Toxicology,Life Sciences,0
Transplantation,Health Sciences,2
Transportation,Social Sciences,11
Urban Studies,Social Sciences,1
Urology,Health Sciences,4
Virology,Life Sciences,14
Visual Arts and Performing Arts,Social Sciences,8
Water Science and Technology,Physical Sciences,36
